review_id,review_title,review_date,review_rating,review_content,review_location
65b79668fe7df3406ad9f7ef,Poor after sales service‚Ä¶,2023-12-29,3,"The after sales service isn't very good, l purchased a 2nd chair the end of December 23 for my daughters 40th birthday in February. I rang gardens4less to ask if there were any problems when opened in February would l be able report any problems with the chair and l was told no  you need to open the chair now.As I have purchased items from this store before and never had any problems l just put the phone down and not impressed.",GB
65a942e444dca17cfc0b41ef,Garden table just what I've been looking for.,2024-01-18,5,Delighted to find a firm which sold the Hartman Amalfi 6-seater garden table separtely as I didn't want the full set with chairs.  Prompt delivery and the driver was very helpful.  The included instructions for assembly were hopeless but I managed to find someone who could do it for me!  Very happy with the product - thank you.,GB
6591d53fbd1afb47dc87b687,Incredible delivery service,2023-11-27,5,Bought a breakable item as a Christmas gift and it arrived very swiftly and incredibly packaged to ensure that it did not get damaged in transit. We will be using the straw for many other garden activities!,GB
65991ee83d125f8a26a360c9,Great product,2023-12-08,5,"I ordered the rhubarb forcer and it is such good value for money compared to everywhere else. It was packaged very well, be prepared for lots of straw! This was a gift and it was very much appreciated.",GB
6585db28bbbb2e2fcb0fabb3,Excellent after sales service,2023-12-20,5,"Having recently purchased a cover for our garden table and chairs, it was very disappointing to discover a tear along the centre seam.  Following my telephone call to Garden4Less, I was asked to submit photos and, within an incredibly short amount of time, I was assured a replacement cover would arrive within 48 hours...and‚Ä¶ within 48 hours of flagging up the problem, the replacement has arrived.This is certainly exceptionally impressive, prompt and decisive service.Faultless!!!",GB
65b2706d50d89e1963f78cd0,Absolutely fab service and Christmas purchase very quick‚Ä¶,2023-12-23,5,Absolutely fab service and very quick delivery definitely be using again,GB
658f33d1112aa49b3dd3a096,Very good after sales advice,2023-12-01,5,Very good after sales advice. Delivery driver very considerate and hid delivery out of sight of main road.,GB
6555e4a71153aebfd7f0b519,Ooops Pallet Delivery!!,2023-10-20,3,I didn‚Äôt read the part were these were delivered on a pallet.  I didn‚Äôt have anyone to help when the chairs arrived   It was absolutely throwing it down with rainThe delivery driver just put them on my pathThe boxes got absolutely soaked !!They are still in my garage unpackedDisappointing experience,GB
65534faea08ea485dd37d6d1,Garden furniture cover arrived promptly‚Ä¶,2023-11-01,5,Garden furniture cover arrived promptly - Hartman Heritage Bistro Set CoverProduct Code : 60202101The cover has been in use for a few weeks now and is holding up well in the current stormy wet weather. I am so glad we bought it.,GB
647f9d5bdc2ebb945e5259ee,Fantastic product at a great price,2023-05-27,5,"We purchased a lovely Kettler garden sofa set at a great price compared to other stockists (¬£500 saving). Had a slight problem with delivery date, which I‚Äôd put down to distribution centre rather than Garden4less. Overall very happy with our purchase & wouldn‚Äôt hesitate to order from this company again.",GB
648b1598468689bc1d9b4535,Really pleased with our Hartman Amalfi‚Ä¶,2023-04-07,5,Really pleased with our Hartman Amalfi 8 seat dining set. Online ordering was easy and delivery arrived on promised timescale in early April with good communication ahead of delivery.  Very well packed. Online assembly instructions really helpful.Delayed writing this review until Summer arrived because initially weather meant we weren‚Äôt using the furniture.Now we‚Äôve used it we can confirm seats are very comfortable and we hope to have many years of use - table and chairs seems strong and sturdy.Much admired by visitors. Definitely recommend both the product and the company.,GB
64e878c4b2645f97fc3cdd5b,Easy to order and arrived safely‚Ä¶,2023-08-04,5,Easy to order and arrived safely packaged. Very pleased with purchase as it works well so I can keep the two hosepipes attached to the tap and can fill my watering can too. The water flow dials are easy for me to turn and being able to leave on tap stops damage to the hose connectors with the previous attaching and detaching and helps with my limited strength in my hands.,GB
655742f9323bd21326c5441a,Excellent seller,2023-10-16,5,"Ordering was easy, delivery was quick and the items arrived well packed and in good condition. There was nothing to complain about and would order again from this company. Thank you Garden4less.",GB
649aabb1edc28d2ced922ea5,Need to exchange faulty Hozelock Auto‚Ä¶,2023-06-23,1,"Need to exchange faulty Hozelock Auto reel where manufacturer cannot be bothered to make internal hose connection correctly - total incompetence. This is a common problem with manufacture. Promised replacement this week but not yet dispatched. Shockingly poor service, so far needed 3 emails and 2 phone calls. So it is a busy time of year, we are all busy",GB
6527ed9d257e7c6458cd6878,Great purchase,2023-10-12,5,"The purchasing process was very good from start to finish. The only possible issue was what would have happened if we‚Äôd been out? We were supposed to be advised when the delivery was due. We never received call, but luckily we‚Äôd just got back in. The driver said everyone says that!!",GB
6454c104cb3ac00be29de3c1,üëçüëçüëçüëçEcellent experience,2023-05-04,5,Excellent experience. Had already decided what garden dining furniture we wanted and found Garden4less was best price. We wanted a slight change to colour of parasol and cushions so started on live chat to discuss before they then rang me and we organised the deal. Very helpful friendly chap who sounded knowledgeable and mature. Offered good advice on choices. Paid extra ¬£5 for delivery day we wanted. Purchased on a Tuesday and delivered on the Thursday.  No dramas. Purchased Hartman set which whilst expensive is well made. Would use again.,GB
64a409813c876076ea48e110,Received faulty garden set in May.,2023-07-04,1,"Received faulty garden set in May.. have contacted the company many times and just being fobbed off. Cannot use one of the seat cushions as badly stitched and one of the chair legs have started unravelling, ( woven) Hartman Bistro set, it's now July and still no response.Next step Trading Standards?They suggested I contact them via phone which I did 10 days ago..empty promises..obviously still not interested in my faulty garden set, very keen to take my money‚Ä¶very upset and disappointed‚Ä¶really do need to take this further‚Ä¶",GB
64fb0ca66b2c23bb703b2586,Perfect Garden Statue,2023-08-07,5,"This lovely statue came to us in perfect condition and looked exactly as it did on the website.  The detail is remarkable with no blemishes.  Customer Service was very good, answering all my queries quickly and clearly. Next time I am looking to add something to my garden I will be looking at Garden4less first!",GB
652912ceb37d95553be57230,Hartman dining table and chairsThe customer service was superb,2023-09-09,5,Loved the website very easy to use and buy productsThe customer service was superb - delivered on time on the date plannedThe Hartman furniture that we bought we love the quality is the best and at a very competitive priceHave recommended your company to friends,GB
64956bcc770ece2bad463383,Competitive pricing and good service!,2023-06-23,5,Bought a garden set with parasol and base (best price!).  The set arrived well packaged and on time - unfortunately the base had been missed from the order.  Had to hold for just a little while on the phone for customer service - but it‚Äôs summer and they‚Äôre understandably busy - explained the issue. No proof was required - just my word. Email confirming base would be delivered the following day was received within an hour and the base duly arrived.  Mistakes happen - could not have done more to rectify asap.,GB
6555e4a71153aebfd7f0b519,Ooops Pallet Delivery!!,2023-10-20,3,I didn‚Äôt read the part were these were delivered on a pallet.  I didn‚Äôt have anyone to help when the chairs arrived   It was absolutely throwing it down with rainThe delivery driver just put them on my pathThe boxes got absolutely soaked !!They are still in my garage unpackedDisappointing experience,GB
6554b5f833e761e09f018a27,Great price for what we bought,2023-10-10,4,"Great price for what we bought, ready assembled.  Return item no damage to it that we could see.  Savedabout 90 quid",GB
65534faea08ea485dd37d6d1,Garden furniture cover arrived promptly‚Ä¶,2023-11-01,5,Garden furniture cover arrived promptly - Hartman Heritage Bistro Set CoverProduct Code : 60202101The cover has been in use for a few weeks now and is holding up well in the current stormy wet weather. I am so glad we bought it.,GB
6540e6bdb0d80e95a41f7997,A good looking product,2023-10-29,4,"A good looking product, well packaged. The two seater bench cover seems a little big. The quality will tell after the winter.",GB
653101400c77345ed97b3ff6,A quality product for a very good price.,2023-09-17,5,"A quality product for a very good price. Fast free delivery, no complaints at all. I would not hesitate to use the company again.",GB
652bbbf5615199e6621cf62c,Really spacious piece of kit,2023-09-06,5,Great additional piece-garden furnitures so roomy for all cushions plus a bit extra,GB
652a4efeca362725042eac30,Excellent after sales service,2023-09-26,5,"We ordered a set of Hartman table, chairs and parasol. Unfortunately the order arrived without the parasol base. I contacted customer services who were excellent and a base was sent out the following day. Unfortunately the concrete base arrived but it was broken in half. I contacted customer service and again they were extremely helpful and a replacement was sent which this time arrived intact. We then noticed one of the chairs was cracked. I spoke to William Bourne who was very helpful, I emailed a photo and he arranged a replacement which was delivered the next day.I think we were very unlucky to have so many issues with our order but the customer service was so exceptional I would not hesitate to buy from them again or recommend to friends and family. Thank you.",GB
652918f538ed110d7eb408d4,Quick delivery,2023-10-01,5,"Quick delivery. Nice table, easy to put together, perfect for the small space we had for it!No dramas, easy to order! What's not to like?",GB
652912ceb37d95553be57230,Hartman dining table and chairsThe customer service was superb,2023-09-09,5,Loved the website very easy to use and buy productsThe customer service was superb - delivered on time on the date plannedThe Hartman furniture that we bought we love the quality is the best and at a very competitive priceHave recommended your company to friends,GB
6527ed9d257e7c6458cd6878,Great purchase,2023-10-12,5,"The purchasing process was very good from start to finish. The only possible issue was what would have happened if we‚Äôd been out? We were supposed to be advised when the delivery was due. We never received call, but luckily we‚Äôd just got back in. The driver said everyone says that!!",GB
6527e8eb0691f7e3a9ec2ff6,Very positive purchase,2023-09-08,5,Everything went smoothly from ordering to delivery.  There was plenty of choice on the website and I look forward to ordering from here again.,GB
6522ef560b6fdee47a36ee89,The package was delivered damaged and a‚Ä¶,2023-09-15,1,"The package was delivered damaged and a replacement was not offered, just the broken end cap, which after chasing did arrive, but did not solve the problem.",GB
65155406817b4b4eefce0408,Excellent service,2023-08-30,5,"Excellent service.Item is excellent , great sound , amazing price.Highly recommended",GB
6511b1da2da0c950b7408bbd,All-Round Excellent,2023-09-25,5,"Quality product, excellent value and excellent service.",GB
651158825d96be2b1862ed3c,Great product and speedy delivery,2023-08-25,5,"Great product, very speedy delivery. Faultless",GB
650de5ceac8d340da3322bb5,The staff are amazing at sorting out‚Ä¶,2023-09-22,5,The staff are amazing at sorting out any issues we had purchased an egg chair that was damaged all sorted out after a call to them.All delivered and collected thanks again for your help.,GB
650d66d88b26d0bd24ddfb67,Delivery made as agreed,2023-08-19,5,"Delivery made as agreed. Delighted with product, no assemble required other than side table which was quick and easy. Product name Kettler Menos Versa Corner Sofa Set.",GB
65087608e9451b26bd02a5ed,Very pleased with our recent purchase‚Ä¶,2023-08-25,5,"Very pleased with our recent purchase from start to finish, would not hesitate to use again. Thank you.",GB
650573e947d439940e9b2d18,Chairs are as expected,2023-09-16,5,"Chairs are as expected and as advertised. They appear to be of excellent quality but, particularly as they are for use outside, a longer period of time is needed to fully evaluate.",GB
650426291da462ec5ac43887,Great quality product,2023-09-04,5,"Great quality product, great delivery,",GB
6502d6f4515ff0e397540b6a,Excellent products Speedy Delivery,2023-08-11,5,,GB
64fedf8e4581d6a51e9b1ab0,Excellent product in all respects,2023-09-01,5,,GB
64fb22855042cf00a3646e94,Excellent service,2023-08-02,5,"Have ordered from this company many times and have always been happy with everything from products ordered to being kept upto date with delivery status ,would highly recommend",GB
64fb0ca66b2c23bb703b2586,Perfect Garden Statue,2023-08-07,5,"This lovely statue came to us in perfect condition and looked exactly as it did on the website.  The detail is remarkable with no blemishes.  Customer Service was very good, answering all my queries quickly and clearly. Next time I am looking to add something to my garden I will be looking at Garden4less first!",GB
64f9dac83fa62bcc5e7e7932,Great service,2023-08-04,5,Very helpful at customer service.  Delivered within the week.  Would buy from here again ‚≠êÔ∏è,GB
64f5d144d5c1142aed0d62ce,Customer service very poor,2023-09-04,1,"I bought a pair of boots online but they didn't fit.The return label enclosed was for Screwfix, so I made the assumption that Screwfix probably own the company.  Not the case. Wasted 40 minutes on the phone to Screwfix trying to sort out what to do.When I finally spoke to someone at Garden4less they said, oh must have sent you the wrong form from the factory and they could not have cared less.  All you want when you are stressed or upset by something is kindness.  Not dismissal.  On top of that there is no free return label - so on top of everything I have to pay to return the goods which was not made clear on the website. Would I use them again: Absolutely No; would I recommend them: Absolutely Not",GB
64f47641aa95102d651ddab0,Excellent product and already attached‚Ä¶,2023-08-24,5,"Excellent product and already attached to the reel, which was very helpful. Good quality hose, reel and attachments. Easy to wheel around the garden. Would highly recommend this company",GB
64f4473f73a3b4481d21dc86,Rubbish,2023-07-07,1,"I ordered a parasol for my garden table, however when it arrived the box was not intact. The driver noticed it and took a picture. When my son assembled it in the table, we noticed a large crack down the pole. Worse than that, it dosent even open up with the pulley/rope system, so I've wasted my hard earned money on a piece of rubbish somebody had obviously sent back. I asked for a refund and sent pics but they wasn't interested.",GB
64ee148fcecb30cf8dd19f9e,The cover is excellent quality,2023-07-12,5,"The cover is excellent quality, fits my furniture perfectly and keeps the furniture and cushions really dry even in torrential rain. Delivered quicker than stated.",GB
64ec6c2d98f4f26f4ae59341,Excellent ordering and deliver service,2023-07-26,5,,GB
64eb18714cbdd3733c945fa4,Good price and super fast delivery,2023-07-28,5,"Good price and super fast delivery, keeping me updated on progress. üòä",GB
64e9fa4e1cfe80c0089b07eb,Fantastic service,2023-07-28,5,Fantastic service and swift delivery. Thank you üòä,GB
64e9c7f562f724e4b48ae973,Really good looking water butt,2023-08-26,5,Really good looking water butt. It looks exactly like wood but it doesn‚Äôt have the problems.Would highly recommend it,GB
64e878c4b2645f97fc3cdd5b,Easy to order and arrived safely‚Ä¶,2023-08-04,5,Easy to order and arrived safely packaged. Very pleased with purchase as it works well so I can keep the two hosepipes attached to the tap and can fill my watering can too. The water flow dials are easy for me to turn and being able to leave on tap stops damage to the hose connectors with the previous attaching and detaching and helps with my limited strength in my hands.,GB
64e74fb4c4912ee0c659b360,Lovely fire,2023-08-24,5,Have used this and it is great.,GB
64e7260a2ccdb6a6bc93998c,Obelisk Falls Water Feature,2023-07-20,5,"I ordered this water feature ready to do a little makeover in part of our garden. We recently unpacked it and love it! It was the first time ordering from garden4less, and I definitely recommend them. I was kept informed of the delivery information and the water feature came on schedule, well packaged, and undamaged, which is always a concern when purchasing anything large online, so very happy customer.",GB
64e4572dd612303c63957443,New cover for garden furniture,2023-08-22,5,"Bought a cover for our newly purchased garden set. Well made and easy to put on. Hard to stop it pooling with water in the centre but cover still doing its job. Great service from Gardens4less, good communication and quick delivery",GB
64e32458a98734616b6fd8e0,Easy purchasing on line,2023-08-01,5,"Easy purchasing on line, good communication too.",GB
64e0d3eabf0b2f9a759ac4a5,Yes we eventually got there but‚Ä¶,2023-06-30,3,Yes we eventually got there but customer service could have been better,GB
64e08f9ab4966dba519e8339,Very good quality,2023-07-20,5,"Very good quality, very easy assemble, recommend if you‚Äôre looking for a quality rattan product",GB
64df4ed7ee78726ca7186c0c,Great Product Excellent Value for Money,2023-08-18,5,"Just taken delivery of my Hound Stone Ornament. I am delighted with him, well made and a substantial piece.Delivery was within 2 days and the packaging meant there was little chance of damage. I would highly recommend",GB
64df3ef5e8796d8bd49fed6e,Excellent service and next day‚Ä¶,2023-07-17,5,Excellent service and next day delivery. Item was of really good quality,GB
64da2aad89cc79eaf666ab58,Great service,2023-07-11,5,"Great product, delivered exactly as promised.",GB
64da28cfef4c6d004caf75ab,the settee cover is too small to fit correctly,2023-07-18,3,"chair covers are a bit snug, but will fit once angled correctly to cover the corners. the settee cover is too small and will not fit correctly no matter how hard i try. it just about fits over the top but will not fit down the legs",GB
64d753370552e722494804a0,Wonderful customer service,2023-07-08,5,"Wonderful customer service, staff very polite and helpful on the telephone.My garden furniture arrived as stated, and very happily with quality of furniture",GB
64d62a3dd2fed6d62baa74bf,Great purchase,2023-07-10,5,"Very pleased with my chair covers as they fit well and are of good quality. The price was also good, cheaper than elsewhere, and delivery was very prompt. Would happily order from Garden4less again.",GB
64d4c1fdb4f8138e91450edd,Over the moon with all aspects of‚Ä¶,2023-07-11,5,"Over the moon with all aspects of purchasing from Garden4less.  Table and chairs arrived as stated, deliver man was brilliant, polite and really helpful. Items are as described and I am really pleased with them.  All round success, thank you.",GB
64d0bb859c5bac6498686822,Delivered when I wanted it by wonderful‚Ä¶,2023-07-10,5,Delivered when I wanted it by wonderful very helpful driver.,GB
64d0bb791f6834128a34c951,Great company,2023-07-10,5,"Great company, fast dispatch, amazing value compared to other places, love our new garden furniture",GB
64cf6a7d059fa8de15850237,Product seems good but instructions non‚Ä¶,2023-07-13,4,"Product seems good but instructions non existant, especially about the wire provided to stop the hose from kinking!!!",GB
64ce1d9cefa0da293611a5f2,Best customer service and furniture‚Ä¶,2023-08-05,5,"Best customer service and furniture fantastic, best cushions. No smell, mold or mildew.",GB
64ccfdd1182a04f80a6d19a7,Well made pergola which was‚Ä¶,2023-08-04,5,Well made pergola which was straightforward to erect. Looking forward to some sun to try out!,GB
64c7c2f0508fbb99b1723718,Extremely poor aftercare,2023-05-23,1,Had the absolute worst customer service from Lewis at Garden4Less. Rude and extremely distasteful. Dealt with manufacturer directly myself and had a brilliant outcome. Good prices at Garden4Less but what‚Äôs the point if you get terrible service/ after care.,GB
64c6867502d0d58c121dc6b5,No long waiting for delivery and very‚Ä¶,2023-06-28,5,No long waiting for delivery and very pleased with our table and chairs. Just need the weather to improve so we can enjoy al fresco eating.,GB
64c65833ae4bf86183e4a135,Great Price,2023-07-01,5,Cheapest That I could find on internet,GB
64c63e1ac0164c8b05620a41,Kettler Garden Furniture,2023-07-11,5,Kettler garden furniture arrived on time and in Great order. Really comfortable. Pity the weather has not been up to same standard in Scotland to enjoy itüòÑüëç,GB
64c391a8757615f31d892f4b,Keter Unity barbecue accessories trolley,2023-07-04,5,Excellent product and service.  Easy assembly.,GB
64c3772088ff10406cde71a4,Great service,2023-06-27,5,Ordered and delivered within a few days. Great service.,GB
64be49e44fb5424539cb8092,Chair arrived a day earlier than‚Ä¶,2023-07-07,5,Chair arrived a day earlier than expected - no need for any building - very courteous delivery driver,GB
64bba60c33d43ca5a027d73f,Great company .,2023-06-22,5,Good clear website Easy to order .Good communication and speedy delivery .Cheaper than any other site,GB
64ba7563e53e28d53e79b7db,Item not recieved no refund issued‚Ä¶,2023-07-21,1,Item not recieved no refund issued claim in County Court now be warned,GB
64b9099b4590515a470d29db,Easy to order,2023-07-20,5,"Easy to order, delivered on time, excellent service. Would recommend to anyone.",GB
64b53fe05680a68b79962337,Great customer service,2023-07-10,5,"Great customer service & very quick delivery. You get what you pay for, good quality. Would recommend them. Thanks guys",GB
64b3bb536e916ad7da7694a4,Good service  quick delivery  very‚Ä¶,2023-06-12,5,Good service  quick delivery  very happy with my chairs,GB
64ad826cf63a60d3e55e61d1,I purchased a hartman table cover as it‚Ä¶hartman table cover,2023-07-11,1,I purchased a hartman table cover as it stated it had 4 corner toggles that could be tightened to prevent it blowing off in windThe guidelines for use that was supplied stated ensure the corner toggles are tightened.the cover has a elastic loop on the 4 ends which have no toggles and cannot be tightenedI have got no joy from speaking to this company who insist that the elastic loop is the toggle .this is not correct only suggestion was to return at my expense and time for a refund.Company fobbed me off and description does not match what I have received I will have to go to further expense of buying garden clamps to prevent this blowing off in wind....very unhappy and will now not order the matching sofa set covers,GB
64aceff363236dbd35355e92,High quality,2023-07-11,5,"Easy to use website, great customer service. High quality product, delivered on time. Highly recommend.",GB
64abe55fcaa1a61f6e4326d8,Easy to order with rapid confirmation,2023-06-06,5,"Easy to order with rapid confirmation, competitively priced, prompt notification of delivery and goods accurately processed. Hassle-free.",GB
64aaba90ad7475c4601dff13,5* experience,2023-06-08,5,"Really easy website, fast dispatch and item turned up with no issues",GB
64aa8108b0f6b1ffc4ee1443,Item was just what we wanted and was‚Ä¶,2023-06-09,5,Item was just what we wanted and was delivered promptly,GB
64aa80f7c8d57a4af97f73eb,Perfect Egg Chair,2023-07-08,5,"After sitting in many of these type of egg chairs around garden centres etc., which were all uncomfortable, I took the chance to order this.  It looked robust and comfortable - and it was.  Would thoroughly recommend paying the extra for this, as it will last for years with care.  Plus the seat folds for the winter, a must.",GB
64a9627b058691d4146bee5e,Do not buy from this company,2023-07-08,1,"Do not buy from this company. We ordered some garden furniture to find that when we unpacked it several cushions and seat pads were missing. Spoken to someone on live chat who said they would arrange for these to be sent to me and she would update me when out for delivery. Had no update- so called and got told it was Megan dealing with it so they would get her to call or email me with an update. Several weeks later, still no update so called again and spoke to a very rude male who said they were short staffed and he wasn't after sales so can only read what's on screen and that Megan would have to update me. I mentioned I'd been told that before and was still waiting to which he reiterated Megan would need to call me on Monday. Still awaiting an update and my missing cushions...",GB
64a9119bf9078e5bbb5a44ad,Absolutely delighted,2023-06-22,5,"Absolutely delighted with my purchase.  The price was very competitive which initially appealed but I had never purchased from them before so was a little dubious. The product was shipped quickly. I was kept informed of the order and all was packed very well, even the courier was friendly amd helpful couldn't be more pleased.",GB
64a7e55b2844d36092fcb8cb,Great value for money,2023-06-09,5,"Recently bought the Life Timber lounge set with adjustable table. Very impressed with the quality, design and comfort. Would recommend this product and Garden4less who offer keen prices.",GB
64a7dd1ecd7de1843d9cd1c7,Great Price for a quality box.,2023-07-07,5,"Great Price for a quality box.Very easy to assemble - took me about 20 mins.Keeps cushions, etc. dry.",GB
64a409813c876076ea48e110,Received faulty garden set in May.,2023-07-04,1,"Received faulty garden set in May.. have contacted the company many times and just being fobbed off. Cannot use one of the seat cushions as badly stitched and one of the chair legs have started unravelling, ( woven) Hartman Bistro set, it's now July and still no response.Next step Trading Standards?They suggested I contact them via phone which I did 10 days ago..empty promises..obviously still not interested in my faulty garden set, very keen to take my money‚Ä¶very upset and disappointed‚Ä¶really do need to take this further‚Ä¶",GB
64a3e7b49f51fc72499cce45,Fantastic service,2023-06-01,5,Fantastic service - so pleased with my little table that matches my other garden furniture üíñ,GB
64a3216ce327c02c8e93b690,Great value for money and easy to‚Ä¶,2023-05-23,5,Great value for money and easy to arrange delivery.,GB
64a2e3e457b9062d57eb81b1,Really good new garden bench,2023-06-10,4,Really good new garden bench. Prices was good as was the delivery,GB
64a2caa03d4ca79576e47600,Great Service and Price,2023-05-16,5,Ordered and delivered on time. Delivery guy was friendly and helpful,GB
64a1ace55fa25caae62e5267,I already had some of this furniture so‚Ä¶,2023-05-24,4,I already had some of this furniture so I knew the quality to be expected and was not disappointed. Easy to order and delivered when expected. Would have given 5 stars but for the pallet delivery! As 70 + pensioners this was a challenge to move.,GB
64a07ca275cc2ee346d7c4d8,"Great Gazebo well made and robust,at a‚Ä¶",2023-06-15,5,"Great Gazebo well made and robust,at a great price. Easy to assemble clear instructions.",GB
64a0005e2d558d089a33cc19,Fabulous table,2023-06-08,5,Table is fabulous fits perfectly where I wanted it. Packaged well. The cover is as expected. I thought it was overpriced but it‚Äôs easy to use and will protect my sofa. So good value. Delivered exactly when expected.,GB
649f2921226dc60b07300ba6,It does what it should!!,2023-06-29,4,,GB
649ab546263df6c4674e56f9,We bought a Hartman Heritage Tuscan 6‚Ä¶,2023-06-12,2,"We bought a Hartman Heritage Tuscan 6 Seater Elliptical Dining Set in Ash / Slate.  While the seating is OK it is definitely not worth ¬£2,600 and not even ¬£2,049 at the discounted price.  Moreover, the quality of the cushions are shocking, with the seating foam now collapsed after two weeks.  On ordering and paying for a named date we asked for some kind of tracking and the attitude over the phone was very disappointing.  'Nothing we can do... sit an wait'.  Even with my small company you can track our items.  The packing was something to be admired, thrown onto pallets and lightly tied with clingfilm.  While we are going to keep the items and find new cushions we won't return to this business.",GB
649aabcfaafd0424307c61cc,good company poor product,2023-05-22,1,garden4less were good and delivered on time the quality of the product is shocking the feet don't fit properly holes don't line up for the bolts to go through this will not last more then a couple of years defiantly not worth the money !!!!!,GB
649aabb1edc28d2ced922ea5,Need to exchange faulty Hozelock Auto‚Ä¶,2023-06-23,1,"Need to exchange faulty Hozelock Auto reel where manufacturer cannot be bothered to make internal hose connection correctly - total incompetence. This is a common problem with manufacture. Promised replacement this week but not yet dispatched. Shockingly poor service, so far needed 3 emails and 2 phone calls. So it is a busy time of year, we are all busy",GB
649a9a1deac75340b37d841b,A well designed Shed.,2023-06-26,5,"Shed arrived well packaged. On opening it was neat and tide, every part was labelled and identified, well impressed. Constructing the shed was easy with the detailed manual, my daughter and I had the shed erected and finished in 4 hours. Looks great and is really sturdy. Thank you.",GB
649975e9530e0f079ae2f593,Fabulous product exactly what we wanted‚Ä¶,2023-06-23,5,Fabulous product exactly what we wanted quick service and very helpful delivery driver,GB
64971af4f3116c01a7e1d7ff,Delivery team were really helpful.,2023-05-19,4,"Delivery team were really helpful.Arrived on time.Goods had a small fault which I managed to rectify without contacting the supplier.Covers can be marked quite easily, so must be kept out of rain etc. but are removable.",GB
64956f4588cd295f0c224e75,The storage box isn't too bad but the lid holds rain water as it dips in the middle!,2023-05-19,3,"The storage box isn't too bad but the box was badly damaged and one of the small stiffening gussets in the top was broken. I did report it along with photographs of the damaged part and the box. Somebody did Email me and asked if I wanted the part replacing and I said there was no point as it would probably get damaged in transit! The box wasn't secure in the courier's van, it was thrown on top of other goods and more goods were on top of it. The Courier just dragged it out. I never heard from your Customer Service again, not even an apology.",GB
64956bcc770ece2bad463383,Competitive pricing and good service!,2023-06-23,5,Bought a garden set with parasol and base (best price!).  The set arrived well packaged and on time - unfortunately the base had been missed from the order.  Had to hold for just a little while on the phone for customer service - but it‚Äôs summer and they‚Äôre understandably busy - explained the issue. No proof was required - just my word. Email confirming base would be delivered the following day was received within an hour and the base duly arrived.  Mistakes happen - could not have done more to rectify asap.,GB
64945f9aa358c47958576064,Offered a competitive price for goods,2023-04-20,5,Offered a competitive price for goods.Held the delivery until I was ready to receive.When one of the items was missing they despatched a replacement straight away.,GB
64943ceca5fa78fcbbe4f85f,Terrible aftersales,2023-06-22,1,Be very wary ordering from this company. When an item is delivered damaged with missing parts they are useless at responding. I was ignored for a week until I lodged a paypal claim. Now I've also provided video of delivery showing the parcel open/insecure theyre hesitating in responding again.The UK summer isn't long enough to spend wasting it with such poor after sales.,GB
6494175e3f48baf06f48c5b3,What more could you want?,2023-05-20,5,"Best price, shortest delivery, great service.",GB
6490688d5f1eea630619e807,Hartman 6 seater table & parasol,2023-06-01,5,"Well informed of day and time slot for delivery. Brilliant product, well packed and good quality.Priced competitively. Only disappointment was I couldn't buy a matching side table and had to go to another company.",GB
6490442927a893e4b7480afb,Easy to order website and fast delivery,2023-05-16,5,,GB
648f449e8367a79f2404325b,The chair,2023-05-25,1,"The chair, though very nice, arrived damaged. I've reported this twice to Garden4less who acknowledge, but then ignore, emails, so can't recommend unfortunately",GB
648f0ebe834048dca2282251,Quick delivery and very good product.,2023-05-31,5,,GB
648eefe20616246b5c1cfb11,Excellent service and first class‚Ä¶,2023-05-19,5,"Excellent service and first class product, very pleased",GB
648eda91d6c5166f4782777f,Efficient and customer service focused‚Ä¶,2023-05-18,5,Efficient and customer service focused company.I wanted to buy a specific bistro table in October the previous year and it was out of stock. They emailed me when it came back into stock some months later and even gave me the same sale price.Just what I wanted and saved me hassle trying to source elsewhere.,GB
648ecf27842662197cbccb08,Two parts missing and no real help,2023-05-19,1,Two parts missing and no real help - ended up talking to the manufacturer.,GB
648dd1643d09754cf5d80474,Disappointed,2023-06-17,1,"Product delivered later than specified. Packaging damaged, Product inside very rusty and inside of box absolutely filthy, I suspect packaging was left in wet dirty warehouse for some. Have requested replacement. No reply to my 2 emails. Web chat I eventually got a reply saying ""let me sort you a replacement"". Needless to say haven't heard anything else. My advise is shop elsewhere.",GB
648d839603ca14e9322cc755,Garden box,2023-06-02,5,Great product. Excellent delivery time and information. No adverse issues. Easily constructed from flat pack delivery.,GB
648b1598468689bc1d9b4535,Really pleased with our Hartman Amalfi‚Ä¶,2023-04-07,5,Really pleased with our Hartman Amalfi 8 seat dining set. Online ordering was easy and delivery arrived on promised timescale in early April with good communication ahead of delivery.  Very well packed. Online assembly instructions really helpful.Delayed writing this review until Summer arrived because initially weather meant we weren‚Äôt using the furniture.Now we‚Äôve used it we can confirm seats are very comfortable and we hope to have many years of use - table and chairs seems strong and sturdy.Much admired by visitors. Definitely recommend both the product and the company.,GB
648ae136a04afe011df112a7,Delighted with the quality ‚Ä¶,2023-06-15,5,Prompt delivery after ordering and delighted with the quality of the table and chairs. Chairs came in one piece and the table only took 20 mins to put together and everything fitted perfectly.,GB
6488e605860e8978ca95c2eb,Non existent customer service!!!,2023-06-11,1,DO NOT BUY - my daughter and I have both been injured in these chairs - contacted company and been completely ignored - disgusting,GB
64870c61e6eac7b71e11c521,Excellent product,2023-06-12,5,Excellent product - Excellent Price.,GB
6486f21d44ada9e45f9b3108,Missing parts,2023-05-11,3,"Over this past year we have purchased two Hartman garden furniture sets from Gardens4less both of which are good quality and reasonably priced. Delivery was extremely fast and handled professionally. The staff at Gardens4less are very polite, helpful & efficient. However, on both orders there have been parts missing and endeavouring to get them posted out has been difficult to say the least! This last order of 9th May we were missing all the washers to assemble the bench seat (so we bought some from B&Q) also some rubber lugs that support and level the glass table. For the past month we have had to support the corner underneath with folded paper taped to the leg to equal the level and enable the table usable. We have telephoned four times so far and have been told each time that they would be sent out 1st class. We are still waiting! This is extremely disappointing and has transpired into what would have been a good experience into a bad one.",GB
6486e7bbbdea5d463f4c7bd0,Garden furniturePerfect for what we wanted,2023-05-15,5,Perfect for what we wanted. Good quality. Good service all round.,GB
6483864573f470862fd17e8c,Delighted to give Garden4Less a review,2023-05-10,5,"Delighted to give Garden4Less a review. We found a dining set in a garden centre that could not deliver to our address. A quick search showed they were taking orders with a delivery date. Always suspicious I messaged and they assured me stock was coming and I only needed to place a deposit to secure the stock. ¬£50 down I waited and sure enough the email arrived (roughly as stated) to say the stock was available and once I settled the full amount they would despatch. I did, they did and delivery was within a few days.Everything was as expected with the dining set so no need to use aftersales however delighted with purchase and service throughout.",GB
6483659574b74424955edec2,Really quick delivery,2023-05-25,4,Really quick delivery. The table was easy to set up and does look nice when lit. We found that it didn‚Äôt give as much heat off and uses quite a lot of gas,GB
648156368090a8e52ba19054,Amazing company,2023-06-05,5,"Having seen the garden furniture set we liked priced at ¬£2200 in a garden centre we took a gamble with gardens for less being ¬£1600.Somethings got be wrong!!!!No... Delivered very quickly by nice guy, boxed new, complete and undamaged..... Brilliant, looks very nice.... Be aware it's on pallets and boxes are big, not heavy. Just check you can see you get it in",GB
647f9d5bdc2ebb945e5259ee,Fantastic product at a great price,2023-05-27,5,"We purchased a lovely Kettler garden sofa set at a great price compared to other stockists (¬£500 saving). Had a slight problem with delivery date, which I‚Äôd put down to distribution centre rather than Garden4less. Overall very happy with our purchase & wouldn‚Äôt hesitate to order from this company again.",GB
647f010c81800889345046e6,Excellent product (Hartman garden‚Ä¶,2023-05-10,4,"Excellent product (Hartman garden coffee table.A little disappointed that the pack of fixings were missing, but a very quick phone call to Aftersales resulted in a follow-up delivery within a week or so, combined with email notifications of its progress.",GB
647e5a112a605adc67597481,First thermostatically controlled propagatorHave now used this propagator for about‚Ä¶,2023-06-05,5,Have now used this propagator for about 4 weeks and have been impressed with it's ability to hold the temperature steady.  One slight disappointment is that the trays are a few millimitres too neat a fit for some of the seed trays that I already use - both full and half size.,GB
647daf407b102445467e5442,Delivered very quickly,2023-05-06,5,"Delivered very quickly, well packaged and my daughter was delighted with her gift.",GB
647daf23827530a3203a599c,Very happy with this purchase,2023-04-29,5,"Well designed, lightweight so easy to assemble and move, beautifully made and lovely colour.  Not the cheapest but well worth the cost.  Really pleased with purchase.",GB
647b172b1d2568c2ae21934c,Good price,2023-05-19,5,"Good price, quality product as described - delivered on time",GB
647ae9b43469027374f9194a,Ordered a keter storage box on 2.05.23...still waiting. ‚Ä¶,2023-05-21,1,Ordered a keter storage box on 21.05.23. To cut a long story short I am still waiting for my delivery. I have not had an apology from this company. They have refused to give me my money back or issue a replacement. Its funny as I can see another customer had the same issue with this item in April. TNT are saying gardens4less have never handed over the item. Gardens4less are telling me they have and refuse to give me any money back until they supposedly resolve this issue with TNT. 3 days ago I was promised a response either that day or following day. I've heard nothing. Save your money and go spend it at a company where they actually care about their after sales and customer service. I will now go through my credit card to recover the money. Think you should change your name to gardens4nothing. Disgusting service.It's also a shame why you cannot respond to emails however have responded straight away on here. My email remains unanswered in your inbox.,GB
6479d2f6069a414d7cec08e4,Purchased a Kettler Chalbury patio set‚Ä¶,2023-06-02,5,Purchased a Kettler Chalbury patio set which we are really pleased with it‚Äôs so comfortable and during our purchase experience the staff were really helpful. We also went on to purchase the all weather patio covers to enable us to keep our set in perfect condition regardless of the weather. It‚Äôs so nice not to have to pack away all the cushions and throws but simply throw on the covers. Excellent! Would highly recommend the product and the Company we purchased from,GB
6479bb2bcefcd9404cc16328,Top quality goods excellent service,2023-06-02,5,,GB
6475da533cb68faecff1d449,From order to delivery - bad news!,2023-05-19,2,We were looking for a garden bench and on 18/05/23 found one we liked with a delivery date of 22/05/23.However we did not place order then but did so 19/05/23 delivery 23/05/23.Once order was placed delivery notice said 2-5 working days which could be as late as 26/05/23!We contacted Garden4less and were told it would be delivered by 02/06/23!Nine working days from order to delivery is bad news these days when some Companies can do following day or 2-3 days max. No more orders from us!.UP DATE - six days on and still no delivery! How do they exist - you can't on excuses such as being busy!,GB
6475d8cf1031fe023d5daba3,Very well packaged,2023-04-22,4,"Very well packaged, delivered in good time.  Perhaps a little overpriced but a good product.",GB
6472ff00418fddd17bfeaa16,Easy to buy from,2023-04-04,5,"Easy to buy from, delivered on time with no issues",GB
64707e2aa1278772435efe65,Great Service,2023-05-26,5,Product as describer - super quick delivery.,GB
646fc01d77fa2b5c2e3306d8,Great Service,2023-04-28,5,Great service they kept me informed on delivery which arrived on the stated day,GB
646f2bc3792b31029684829f,Excellent no fuss service,2023-04-24,5,Great price and excellent delivery options.,GB
646e59b2d8ac2277ec018bd4,Dissapointed,2023-05-21,1,"This company is all hunky dory until you have an issue. I purchased a double egg chair less than 2 months ago and the soldering on one of the legs of the chair is appalling and has come away from the connecting frame. I contacted the company 3 days ago  via email, included pictures of the issue and I am still yet to receive a response. I decided to also contact the company on the Live Chat, which doesn't even seem to be live and I have received no response. Why have a facility if you cant even staff it?? 72 hours to receive a  response is a geneorous amount of time until you start to feel let down by this company. This item has been sold and is clearly not fit for purpose with this defect. A ¬£370 egg chair is not even usuable and this company seems to ignore you! All I wanted was for this to be rectified with a replacement frame. Is that too much to ask?  I will be contacting Trading Standards about this matter as this item is not fit for purpose and the company isn't acknowledging my emails. Very dissapointed, as initially things went well with my ordering etc...now, not so well :(If they do come back with a response trying to fob me off with contacting the manufacturer, as they have done with others on here..I hope they are aware of the Consumer Rights Act 2015 which states:This means that your statutory consumer rights are against the retailer ‚Äì the company that sold you the product ‚Äì rather than the manufacturer.****Update***** 14th June 2023So yes the company have got in touch with me but now its all gone silent with no knowing what is happening. They've accepted that a new frame should be sent, but now it's gone radio silent. It will be coming up to a month from when I first got in touch with them and I still have no replacement :(",GB
646e24b2484290728204ee16,Lovely chair and fast delivery,2023-05-24,4,"Lovely chair and fast delivery.  The chair went together well, just a slight hiccup with one of the poles - there was a blob of solder that my husband had to file down to fit the other pole in.  We are now enjoying the sunshine in our lovely double egg chair.",GB
6469e9189999a782d356cf93,Good product but one seat cushion was‚Ä¶,2023-05-05,4,Good product but one seat cushion was wrong size . This was quickly put right by the customer service.,GB
64689a1ebadf06fe356f0029,"Great service,friendly staff when‚Ä¶",2023-05-20,5,"Great service,friendly staff when speaking on the phone,delivered when said and most of all lovely and well made garden furniture.Thank you",GB
64674b116df84d528ba14c31,Excellent replacement for previous‚Ä¶,2023-05-09,5,Excellent replacement for previous Hozelock junction unit. Prompt service from Garden4less as normal.,GB
646684f03dcb2de14aacfade,Amazing company,2023-03-16,5,"Amazing company. The product I wanted was out of stock and I was told it would be a long wait but hey would contact me when it was back in stock. Despite the wait they were true to their word, informed me they had the product back in stock and it was despatched quickly and in good packaging. Would order from this company again.",GB
6466557c41e41707571b8864,Kettler Charlbury Sofa Lounge Set with Coffee Table,2023-05-18,5,"We purchased the ""Kettler Charlbury Sofa Lounge Set with Coffee Table"" from Garden4less.  Delivery was very quick and the driver was very helpful. We found one chair foot was bent so it wouldn't sit level.  This wasn't a problem as we are quite local to their offices and the chair was swapped the same day.  We collected the replacement chair ourselves to save time and the lads in the yard were extremely helpful and polite, even loading it into the car for us.  10 out of 10 for helpfulness, price and customer service, thank you.  ps: the Kettler quality is amazing.",GB
6465f1f13f6005576a8141f3,"Great service, fantastic price!",2023-04-20,5,"I saw this furniture set in a garden centre for ¬£1200 more (yes, ¬£1200!). I called Garden4less to check it was the same and the guy who I spoke to was very helpful and answered my questions. The set arrived, well packaged and it took around 20 minutes to put the table together.  I'm over the moon with my purchase, especially on saving so much money.",GB
6463ba33af25ab50d59c79d7,Terrible Customer Service and not resolved my sofa issue,2023-05-16,1,"I would rate as no stars if I could I have never received such appalling service from any other company.I ordered the Hartman garden furniture in January 2023 and paid upfront, I was told it would be available in March but then I heard nothing . I had to chase the company who advise it would be delivered at the beginning of April and I would be advised of the date for delivery prior to it being despatched.This never happened, a courier turned up with wet boxes and incomplete furniture. I sent an email advising that the furniture was marked and incorrect, they asked for evidence of this, so I took photographs but received no response from them . I had to call and email again to ask them what was happening they advised they would resend the corner sofa again. This time I received a date, we got the corner sofa but again the parts were incorrect and we were unable to put it together as we had been sent the wrong parts.  They then passed the buck and told us to contact the Hartmann rep to see what was missing as they didn‚Äôt believe us when we said we were unable to fit the sofa together. We did this and the Hartmann agent confirmed it was the wrong piece of furniture to complete the corner sofa. As of today May 16 2023 I am still waiting for a response from GARDENS4less and I do not have the furniture.I have spent over ¬£2000 on this furniture it‚Äôs truly appalling I have never received such worse service. Do not use this company",GB
646381134203a310ca2ac72d,Fantastic service,2023-05-16,5,"Fantastic service, super quick delivery highly recommend thank you, Hartman Vienna Corner Sofa, superb quality",GB
64621cd95931ef78516f40d4,A Company that you can trust.,2023-05-15,5,"Ordered a Hartman Corner Unit from G4less and really pleased with William's (the Manager) team. Very professional and curtious. Slight hickup with delivery but not G4less fault. Will always deal with them,",GB
6460b99c7de469530f8c19ac,Garden set was lovely but damaged,2023-04-03,3,Garden set was lovely but damaged . Unfortunately as we needed it for a family event we had to assemble it . Only option was to replace but was too late to do anything about it . Would of been nice to have been offered some money back from it,GB
645e0c3ace28453d342dfa7c,Lovely product and good price,2023-05-12,5,Lovely product and good price. Great delivery process. Actually speak to a real person!,GB
645c882865d84f13bc8a5ef8,The garden tools I purchased arrived in‚Ä¶,2023-04-27,5,"The garden tools I purchased arrived in neat packaging, reflecting the attention to detail and care of the seller. From browsing to checkout, the transaction was smooth, making it a hassle-free experience for any gardener in need of reliable tools.",GB
6454c104cb3ac00be29de3c1,üëçüëçüëçüëçEcellent experience,2023-05-04,5,Excellent experience. Had already decided what garden dining furniture we wanted and found Garden4less was best price. We wanted a slight change to colour of parasol and cushions so started on live chat to discuss before they then rang me and we organised the deal. Very helpful friendly chap who sounded knowledgeable and mature. Offered good advice on choices. Paid extra ¬£5 for delivery day we wanted. Purchased on a Tuesday and delivered on the Thursday.  No dramas. Purchased Hartman set which whilst expensive is well made. Would use again.,GB
6453853a17ef66212a8110c9,Reliable company,2023-04-20,5,They deliver quickly and their site is easy to use. I've never had a problem with an order and happily recommend them.This time it was Hunter's wellington boots and they are fine.,GB
6450b989f47631db2bd5c9cd,Excellent customer service,2023-03-10,5,Third time I've used Garden4Less in the last year or so and they've been excellent every time. They're competitive on price but it's their customer service that puts them ahead of the field. Thoroughly recommended.,GB
644f88438873b1a4e4206ac6,Fantastic chairs,2023-04-06,5,Fantastic chairs.  The ability to separately raise the footstool and recline the back is just great.,GB
644e2768d03122bec0acf441,Happy customers,2023-04-28,5,"We saw this garden set in a garden centre and then found it on Garden4Less several hundred pounds cheaper. They were excellent to deal with and kept us informed regarding expected delivery to the Western Isles. The delivery was as stated and the delivery guys even took it in to our back garden for us. Excellent service, quality and price and we are extremely pleased with our new garden furniture. Thank you Garden4Less.",GB
644d2aca7c7278428f283ede,Life Timber aluminium corner garden‚Ä¶,2023-01-30,5,"Life Timber corner aluminium garden furniture, a lovely quality product. There was a suspect weld on one of the chairs and the company quickly replaced the item and compensated for some staining. Excellent customer service. The dark seats of the product gets very warm in full sunlight but I read this on a review previous to making my purchase and quite like the warmth I am pleased it did not sway my decision.",GB
644cbc962b04b51327b34a41,Really great customer service and‚Ä¶,2023-03-17,5,Really great customer service and support. Highly recommend Garden4less.,GB
644a4756515d62037b5a4896,Great Service ‚Ä¶,2023-03-16,5,"Good range of products to choose from to suit different needs. Competitive prices. Ordering easy, clear instructions about availability and subsequent delivery arrangements. Communication about delivery time and notification of delivery date clear.  Delivery on time and service excellent. Very happy and would recommend.",GB
643a8bea45c4930e2f06b013,Still waiting for a 24 hour delivery.,2023-04-15,1,Still waiting for a supposed 24 hour delivery. Had to ring as email not answered and then given the excuse it was down to another firm. Had to point out that the contract was with them not the other firm. The best that they could offer was a phone call back in 3 days. What a joke company. Will probably be 2 weeks for a 24 hour delivery if I am lucky. I find it strange that there were no emails from dpd and they did not come to my door as suggested as my cctv confirms. A total fabrication,GB
643852b62e43f40a6614aba5,Go elsewhere!!!,2023-04-05,1,"Ordered a Keter storage box from here and paid extra for next day guaranteed delivery. Item was despatched via XD however item never arrived and despite contacting them through their live chat and repeatedly emailing, I have had no response whatsoever from Garden4Less. They have no interest once they have receive your money and I am now in touch with my bank in order to recover the funds. Disgusting customer service and I would advise going elsewhere if you‚Äôre considering purchasing from here.",GB
6436d87270f0f2f04eacb0bc,Great service,2023-03-10,5,I bought a Keter Ontario XXL Deck Storage Box from G4L as the price was good when I compared it to other online retailers. The communication prior to delivery was excellent and the order was delivered on time and undamaged. A first class experience from start to finish. Highly recommended.,GB
6436cbfd911a3ef837f80aee,Great garden furniture,2023-03-22,5,Great garden furniture. Excellent communication and customer service making the delivery arrangements easy.,GB
64313609665032264d23868f,Goods as described and very good price,2023-02-20,5,Goods as described and very good price.  Excellent delivery.,GB
642ed7a6b294b6bfb9e94d42,50/50 Experience,2023-04-06,2,I ordered over ¬£2k worth of futrnitire from this company.  Part of the order was fine but the comfy chairs came very badly damaged.  The box had been placed on Its side on a pallet despite the the sign saying ‚Äúthis way up‚Äù. The box was almost split in two but I was hopeful that contents might be ok. Unfortunately they were not. There were scratches and dents all over.In addition the fire pit we ordered was missed off the delivery.  This was despite me calling to confirm it would be on the same delivery.I now only have half of what I need for the weekend party I had planned!  Beyond disappointed!,GB
642d34762aab3a4abc5fe3cc,Terracotta‚Ä¶,2023-04-05,1,We waited months for a terra cotta rhubarb forcer which cost ¬£80/90 and which disintegrated during the one winter it lasted. Deemed to be frost resistant (though not frost PROOF) the item is now of no use whatsoever and the company will take no responsibility nor will recompense us in any way. The item is not fit for purpose and should never have been sold.,GB
642a8688cde38ec43363969f,Beautiful quality and colour,2023-03-09,5,Great communication. Product arrived on time and the table and chairs set is gorgeous.,GB
64255e6230eaa58461efb57f,Perfect Product,2023-03-10,5,"Perfect product,just as advertised,fitted perfectly",GB
6425588f89a30221741320a5,Bring on the summer,2023-03-30,5,We are really happy with our furniture and can't wait for some decent weather to use it!,GB
64251bc3d0921cfc15572061,I appreciate the variety of brands and‚Ä¶,2023-03-02,5,"I appreciate the variety of brands and types of garden tools available at this store, and the staff was happy to help me choose the right tool for my needs.",GB
642447cca940256281fc093f,Ordered a garden dining set for March‚Ä¶,2023-03-29,5,"Ordered a garden dining set for March 2023 delivery & it arrived on time. It was delivered today & whilst I've taken it off the pallet, I've yet to check it over but so far I am pleased with the experience. My only little niggle, which may not have anything to do with Garden4less is that I wasn't informed that the delivery was going to be today, thankfully I was home. The delivery guy was brilliant, brought the pallet right up to my front door & took the pallet away for me too. 5* service from Garden4less on my 1st experience using this company, I would definitely recommend them!",GB
642072168916aeffe900da7d,Unhelpful,2023-03-26,3,"Great products, competitive prices and swift delivery.  However, couldn‚Äôt have been more unhelpful with the last piece of furniture I needed to complete my collection. I now have garden chairs, garden bench and a side table to get rid of as G4L won‚Äôt help me source a dining table.",GB
64204fd9aa959b78f23f5c49,Hozelock watering kit,2023-02-20,5,"Order was easy to place, friendly and helpful service.  Product was received within three days as promised.  Cannot fault. Will definitely use them again.",GB
641d92343f8af7b69b02a2ac,Garden dining sets,2023-03-19,5,"Ok I ordered two sets of the Charlbury Kettler dining sets from these guys and when they arrived one of the tables was damaged. They asked me to send photos, which I did and they very happily sent out a replacement. I dealt with one of the managers Simon who was very apologetic and a very good asset to the company. I have subsequently purchased another outdoor coffee table from them. Very happy with my purchases and service. Angela Wright",GB
641d8a527764f2071791f489,Will always buy from this trader.  his item arrived on the date promised,2023-03-10,5,This item arrived on the date promised.  Well packed.  What more could on want?,GB
6418967a0cc24f915d0f5210,Terrible customer service,2023-03-20,1,"I placed an order for 4 sofa covers and the order confirmation said the goods would arrive in February.Last week, in mid March, I was sent a dispatch email. I was told dpd would deliver the goods at a particular time. I stayed home that day but nobody arrived. I received an email saying they tried to deliver and nobody was home. I complained to customer services but they told me the goods were delayed because they weren‚Äôt in stock in the first place (not true and besides the point, as I had patiently waited 6 weeks without complaint) and that I had to collect from a local store or wait another week for delivery. They refused any acknowledgment of error on their part and refused any compensation. I then asked them to cancel the order and issue a refund, but they said they would issue the refund only once dpd returns the parcel to them. A parcel I never received that I have waited 7 weeks for!Probably the worst customer service experience I have had in a long time.",GB
64174ed822df7163394f5e29,Easy to order and delivered as expected‚Ä¶,2023-03-19,5,Easy to order and delivered as expectedGood service and would order from this company again,GB
64161552c7db1da1b49b0fa1,Great price,2023-02-02,5,"Great price, great product fast delivery, what‚Äôs not to like",GB
6412e2568dca006416d7f273,"Excellent price, product and service",2023-02-03,5,Excellent price - great product and fast delivery. Will definitely use them again - highly recommended!,GB
64103a088d72deb9d535f5ef,Easy to order!,2023-02-08,5,"Easy to order!! Delivery excellent! Price good, 2nd time I have bought from Gardens4less!",GB
640d9fde6acab89dd13c89b7,A very good company,2023-03-12,5,"A very good company, we bought some Winnawood garden furniture, was a good price with delivery to the North Scottish Islands. They kept in touch too with a delivery timescale.",GB
640b0bab49909dc943b07222,STAY AWAY FROM GARDENS 4 LESS,2023-03-10,1,"STAY AWAY FROM GARDENS 4 LESS. They are a rip off.I had a chat regarding a Life corner sofa set that I wanted and had been keeping an eye on. I could see there was more than 10 in stock.Suddenly the set was out of stock so I decided to have a chat session online and was told, Gardens 4 Less still had the corner sofa in stock however had sold out of the coffee table but instead would add in a foot stool for the same price.I explained to the chat sales person I had no need for the foot stool but would like to purchase the corner sofa on its own, which he stated he would send me an email quote.I didn‚Äôt receive any email from so decided the next day to go on the chat service again and have a look at the product again.I was sick to my stomach when I saw the price for the same set double!!! Why was this? I felt hard done by as it made me feel I wished I‚Äôd not enquired about it. The price for the set doubled the next day I had the chat.I still continued to have a chat now with who had told me I could have the corner sofa set without the coffee table but for the new increased price which was now double, what a cheek!!!Stay away from Gardens 4 Less and if you do decided to buy anything buy it online with no chat or support from the Gardens 4 Less team otherwise they will double the price of the product online.Like I have written the prices were ALWAYS the same till I had a chat conversation then the next day the Life corner sofa and coffee table doubled in price!!! This is really not right to treat potential customers like this. Like I was promised a quote just for the corner sofa that you STILL have in stock but sold out of the coffee table. Why would you sell the coffee table alone when it‚Äôs in a set?.The price for the Life Mallorca corner sofa set in larva/carbon was ¬£1699 for a while then the next day after I enquired about it, I didn‚Äôt get a quote emailed to me, so I went back online to start a new chat the next day and saw the price increase for the same set ¬£3149!!!Appalling!!!!!!",GB
640aed9b3d8bce31127aa98f,Happy with delivery happy with customer‚Ä¶,2023-03-10,5,Happy with delivery happy with customer service happy with garden set just need to use it in summer days.Overall happy with this company from order to delivery.. thank you.,GB
6409a9638662e5c60a7b6752,Great item with great price delivery‚Ä¶,2023-02-09,5,Great item with great price delivery was very quick and easy.,GB
64048781bf399399f66f4f08,Great Quality but very expensive,2023-03-01,5,,GB
6404643d73a1f130fa97a445,As usual I look at Amazon first !,2023-02-10,5,As usual I look at Amazon first to get an idea of the price for the item I want. The price and selection was better at Garden4less and I will definitely be happy to buy from then again in the future.,GB
63ff98e2846eefd352c881b2,Very pleased with all the items I have‚Ä¶,2023-03-01,5,Very pleased with all the items I have received from Garden4less. It was my first experience of using this company. Everything went smoothly from ordering to notification of availability & delivery. I highly recommend this firm to other customers who  want first class customer care & quality products.,GB
63fa2f9decaeb4e8fa59f2b6,Very good products and first class‚Ä¶,2023-02-25,5,Very good products and first class service,GB
63f8d11488d59c1c13c7de12,Speedy delivery and clear‚Ä¶,2023-01-24,5,Speedy delivery and clear communication. Would definitely use company again.,GB
63f85221177e0c79bfe149b2,Bought a lounge set,2023-02-15,5,"Bought a lounge set on line. It arrived quickly. I waited a couple of days to unpack it. It was well packaged but the small table was missing. I contacted Garden4less by telephone and there was no issue. They apologised and quickly sent out the missing item, keeping us informed. The table arrived well packaged and we now have a beautiful garden lounge set at a much cheaper price than other on line retailers were selling it for. I would definitely recommend buying from them.",GB
63f0915c9b64b1bdaf5b19b2,Excellent service and furniture,2023-02-18,5,"Prompt delivery. Great sales price. Product arrived well packaged. Haven‚Äôt had chance to use the sofa set yet as it‚Äôs winter, so it‚Äôs gone into storage. Tried it out in a garden centre prior to purchase and it looks really smart. Really big solid, no maintenance and robust furniture set. Brilliant.",GB
63ef90f7ab0182356e7ec002,We knew what furniture we wanted for‚Ä¶,2023-01-26,5,We knew what furniture we wanted for the Garden and went to a large department Store that we have used before .No one helped us in the store so we sat on the said furniture and found your website.The furniture was a lot cheaper. So much that we were able to buy the fire pit and still save ¬£400 on the furniture.Delivery was very quick .The Furniture was so easy to put together as with other Kettler products we have bought.Will definitely be using Gardens4less again and will recommend to friends and family.,GB
63ec9c859b64b1bdaf57dfb5,Kids Hunter Wellies,2023-01-12,5,"Wellies purchased for a good price, very quick to arrive too.",GB
63ea08aa745e480021a35bc3,Superb product superb service actually‚Ä¶,2023-01-16,5,"Superb product superb service actually arrived on the date they said , easy to put together and extremely well packed",GB
63e56a38745e480021a0461a,Thank you Garden4less,2023-01-05,5,"Easy website to use. Swift checkout and super delivery. Item was received as expected, well packaged and a great price! Thank you Garden4less! Definitely recommend, 5 ‚≠êÔ∏è‚≠êÔ∏è‚≠êÔ∏è‚≠êÔ∏è‚≠êÔ∏è",GB
63e3de6b9b64b1bdaf510d82,Frost Resistant Terracotta Rhubarb Forcer that cracks in frost,2023-02-08,1,"I bought a Terracotta Rhubarb Forcer 18 months ago advertised as Frost Resistant and the first bit of frost it cracked all over. Only 12 month warranty so they will not help as they state at the very bottom of the webpage, bring it inside when temperatures drop below zero!  Is it, or is it not Frost Resistant? Disappointed with their response.",GB
63e26d75745e4800219d83d8,Ordered a garden dining set today from‚Ä¶,2023-02-07,5,"Ordered a garden dining set today from Gardens4less, Simmon the online sales guy, was excellent . Fingers crossed the product arrives as efficiently and as promised.Many Thanks Wendy",GB
63e2107c9b64b1bdaf4f45e9,Bought two recliners and coffee table‚Ä¶,2023-02-06,1,Bought two recliners and coffee table from this company I phoned before and explained that we are elderly and asked a bought delivery I was told that the driver would help with package and not to worryThe chairs and table arrived It was on a pallet and in cardboard boxed piled high The driver used a device and put in the garage I asked for help and asked them to take pallet if nothing else Was told NoPhoned company and they said couldn‚Äôt help This is terrible delivery Please remember if you use this company this is what happens,GB
63df77ff745e4800219b3abc,Great company punctual delivery nice‚Ä¶,2023-01-15,5,Great company punctual delivery nice product,GB
63df6e119b64b1bdaf4d6804,I received our new garden table and‚Ä¶,2023-01-13,5,I received our new garden table and chair set is extra quick time and it‚Äôs lovely. Not had an opportunity to use yet but we‚Äôve set it up and ready to go. The cushions seem extra comfy and I‚Äôm looking forward to the summer now. Thank you,GB
63dce337745e4800219974a3,Quick efficient delivery from the‚Ä¶,2023-01-03,5,Quick efficient delivery from the company and Greta communication. Just a bit disappointed with the product as it leaks a lot around the connectors to the tap which is annoying and wastes water.,GB
63c3d7384d0773066a38906b,"Prompt order, great product",2022-12-15,5,"I ordered these wellies quite near Christmas and was very pleased they arrived promptly, beautifully packaged and in perfect order.I managed to get them at a really good price too.I know they are a good product because I have had my last pair for over forty years!",GB
63c06eee2338b6d417b83782,I have used Garden4less a couple of‚Ä¶,2023-01-12,5,I have used Garden4less a couple of times recently.  I bought a garden parasol and base on sale just before Christmas.  Today I received a stone Peter Rabbit.  I am very pleased with the company and the items I purchased.  Delivery was prompt with notification of dispatch and delivery.   Many thanks.,GB
63bd8bca2338b6d417b593bc,Great Service,2022-12-03,5,Quick delivery and cheapest around. Would use again,GB
63a5a5fe2338b6d417a531a5,Mens hunter Wellies,2022-11-18,5,"Great experience with this company. Easy to use website, item was delivered within 2 days, exceptional service",GB
639d8e51eb0ad848990e0acb,Really good product and prompt‚Ä¶,2022-12-08,5,Really good product and prompt delivery. Perfect for a small roof terrace,GB
638e35355873c1cf9fcbcb89,Received my Lafuma chair quickly,2022-11-03,5,"Received my Lafuma chair quickly, after being kept up to date regarding delivery. When ordering Garden4less were quick to answer questions I had about the item and other products. I would recommend the company and definitely order from them again",GB
638c6c8a0b7fc02715d34926,5 stars ‚≠êÔ∏è,2022-12-04,5,"Great prices, Quick delivery and quick dispatch!",GB
638b19590b7fc02715d25eed,"Great service.Fantastic priceNo hassle,delivered quick",2022-11-17,5,"No hassle,delivered quick. Great service",GB
6386803fb84cc27618fb32a7,High quality furniture at extremely competitive prices. Excellent customer service.,2022-10-21,5,I‚Äôve only just discovered this company while comparing prices for garden furniture online. Their prices for top quality garden furniture could not be beaten.Ordering was straightforward and the website a pleasure to use. The online chat facility works very well and if the answer isn‚Äôt immediately available they will go and look and get back straight away.The furniture is absolutely beautiful and was carefully packed and delivered. It is stored away in my garage until the Spring.The courier was first rate. They delivered very quickly and rang me in the day to check I was going to be in.I was so pleased with the furniture and the excellent customer service that I went back for more in the Black Friday sale.Thank you Garden4less.,GB
6377a561b84cc27618efed82,Garden4Less were very helpful,2022-10-18,4,"Garden4Less were very helpful, replied to all my emails. And the water butt looks sturdy and compact.  But... I had to wait two months for my order to arrive - I do understand there were manufacture/supply problems but they took my money off me at the very beginning knowing there was a considerable delay, I think I'm owed a bit of a discount to be honest.  Also the diverter kit looks cheap and cheerful and drips at the butt end when full, plus leaks at the tap, so this rather defeats the object of having a water butt. Was ordered in August, delivery originally for September but was eventually nearer the end of October, so the below date of 18.10.22 is only a rough estimate.",GB
63760a78b84cc27618ee8611,Came on time and very pleased with the‚Ä¶,2022-10-18,5,Came on time and very pleased with the product.Will certainly use again and recommend.,GB
63720d3e252cba2c02d7f1f6,I was skeptical‚Ä¶but I was wrong!!,2022-11-14,5,"So before I placed my order, I checked the reviews on trust pilot and there were a lot of bad ones which made me question whether I should order a pair of Hunter wellies or not‚Ä¶. I decided to give it a go and everything went through fine! I was kept up to date with postage updates and the item arrived really quickly!Everything was intact, packaged well, etc. Amazing service all round",GB
6370cc16b84cc27618ea6cda,Not used the Hose yet keeping it ready‚Ä¶,2022-10-13,4,Not used the Hose yet keeping it ready for next season.,GB
636cd89db84cc27618e7b216,Great service,2022-10-15,5,Great service! Product very good,GB
636cc817b84cc27618e79ef2,Great value,2022-10-01,5,"Great valueExcellent productWellies arrived promptly and as described, would highly recommend and cheapest I could find online and great quality",GB
63638badb84cc27618e0d5e2,Good product and price,2022-09-30,5,"Good price, good service, genuine product. The purchase was made online and executed very well.",GB
635fcb07252cba2c02cadb7f,Thr ladies i dealt with were excellent‚Ä¶,2022-09-29,5,"Thr ladies i dealt with were excellent , even searching the stores for one item and finding the only one left.Beyond the call of duty",GB
635edb9c252cba2c02ca597d,Excellent delivery service and product‚Ä¶,2022-10-30,5,Excellent delivery service and product good,GB
635d4453252cba2c02c982d0,Quick delivery,2022-09-28,5,Quick delivery. Very pleased with this trolley.  Easy to pull even over slightly bumpy meadow land.Very useful item,GB
635662608056669a30a995a4,Faulty Goods,2022-10-21,3,"Although the purchase and delivery were very good we stored the item unopened for 1 month as we didn't need to use it, unfortunately when we did open the sack truck to use it to move house we found one side of the axle was shorter than the other and the wheel would not lock on, as we had had it a month and needed it there was no point in trying to return it, a local engineer was going to try and weld a nut onto the axle to keep the wheel on.The moral of this is to check the goods when they arrive, this was my mistake so my responsibility and bears no reflection on Gardens 4 Less",GB
6356622f8056669a30a99572,"Easy to order, great service",2022-09-22,5,"Easy to order, product is great and was far better on price than other suppliers.Very well built and easy to assemble. Delivery was earlier than expected, overall, a great service.",GB
63550cbc8056669a30a8d62b,Excellent personal service,2022-10-01,5,Excellent personal service. Goods at competitive price with free next day delivery. A company that obviously values their customers,GB
63486118377e522e314e5eb3,Ordered chair delivered within two‚Ä¶,2022-10-13,5,Ordered chair delivered within two days‚Ä¶great chair ..great delivery service‚Ä¶10/10 from me ‚úÖ,CY
6346e635377e522e314d25c0,AVOID AT ALL COSTS !!!,2022-10-12,1,"AVOID AT ALL COSTS !!!******************************Products not sent in original box and were a gift , delivery slow and communication Aweful.See other negative reviewsDon‚Äôt bother shop elsewhere !!!",GB
633ff3df350baeeabe635363,Rung about table cover to ask if fitted‚Ä¶,2022-09-01,2,"Rung about table cover to ask if fitted my table. They said yes, no problem. When cover arrived, I tried to fit over table it didn't.  Rung company to explain what had happened, they denied saying the cover was to fit my table, and said could return, but would have to pay for it. I won't be ordering from them again.",GB
633fc0ecb67840c2ab2a7c70,Fast delivery product as described,2022-10-07,5,Fast delivery product as described could ask for anything else,GB
633eac4cb67840c2ab29b0e3,I ordered a pair of childrens hunter‚Ä¶,2022-10-05,1,"I ordered a pair of childrens hunter wellies and one of the boots was very marked with scratches and scuff marks so the same day I received the product, I contacted customer service with pictures expecting a straight forward exchange but they disagreed completely and wouldn‚Äôt do anything about it. I would never order from this company again, even though the wellies were cheaper it wasn‚Äôt worth it. I‚Äôd much rather order for a decent company with respect for their customers that provide good customer service if issues arise and pay more. So I‚Äôd stay clear incase you happen to be u lucky enough to receive a faulty product you‚Äôd be stuck with or fighting hard for any sort of exchange or refund.",GB
63399ae33d107cfdfcd0d203,Excellent products,2022-08-31,5,"Excellent products, great value for money with very prompt delivery - would definitely recommend",GB
633710614a5fff53cad30527,Great product and fast delivery,2022-08-30,5,Great product and fast delivery! Highly recommended,GB
